{
	"info": {
		"_postman_id": "1d0b03af-9895-4dc5-b80c-04673d1b5252",
		"name": "AWS : CRUD",
		"schema": "https://schema.getpostman.com/json/collection/v2.1.0/collection.json",
		"_exporter_id": "5676137"
	},
	"item": [
		{
			"name": "Create Device: POST",
			"request": {
				"method": "POST",
				"header": [],
				"body": {
					"mode": "raw",
					"raw": "{\n    \"device_id\": 1,\n    \"device_type\": \"ESP32\",\n    \"sensor_data\": {\n        \"temperature\": 40,\n        \"humidity\": 85\n    }\n}",
					"options": {
						"raw": {
							"language": "json"
						}
					}
				},
				"url": {
					"raw": "https://8cmg6jkwv2.execute-api.us-east-1.amazonaws.com/diot/devices",
					"protocol": "https",
					"host": [
						"8cmg6jkwv2",
						"execute-api",
						"us-east-1",
						"amazonaws",
						"com"
					],
					"path": [
						"diot",
						"devices"
					]
				}
			},
			"response": []
		},
		{
			"name": "Update Device Details",
			"request": {
				"method": "PUT",
				"header": [],
				"body": {
					"mode": "raw",
					"raw": "{\n    \"device_id\": 2,\n    \"device_type\": \"STM32\",\n    \"sensor_data\": {\n        \"temperature\": 40,\n        \"humidity\": 85\n    }\n}",
					"options": {
						"raw": {
							"language": "json"
						}
					}
				},
				"url": {
					"raw": "https://8cmg6jkwv2.execute-api.us-east-1.amazonaws.com/diot/devices",
					"protocol": "https",
					"host": [
						"8cmg6jkwv2",
						"execute-api",
						"us-east-1",
						"amazonaws",
						"com"
					],
					"path": [
						"diot",
						"devices"
					]
				}
			},
			"response": []
		},
		{
			"name": "GET Device",
			"request": {
				"method": "GET",
				"header": [],
				"url": {
					"raw": "https://8cmg6jkwv2.execute-api.us-east-1.amazonaws.com/diot/devices?device_id=1",
					"protocol": "https",
					"host": [
						"8cmg6jkwv2",
						"execute-api",
						"us-east-1",
						"amazonaws",
						"com"
					],
					"path": [
						"diot",
						"devices"
					],
					"query": [
						{
							"key": "device_id",
							"value": "1"
						}
					]
				}
			},
			"response": []
		},
		{
			"name": "DELETE DEVICE",
			"request": {
				"auth": {
					"type": "noauth"
				},
				"method": "DELETE",
				"header": [],
				"url": {
					"raw": "https://8cmg6jkwv2.execute-api.us-east-1.amazonaws.com/diot/devices?device_id=1",
					"protocol": "https",
					"host": [
						"8cmg6jkwv2",
						"execute-api",
						"us-east-1",
						"amazonaws",
						"com"
					],
					"path": [
						"diot",
						"devices"
					],
					"query": [
						{
							"key": "device_id",
							"value": "1"
						}
					]
				}
			},
			"response": []
		},
		{
			"name": "GET ALL Devices",
			"request": {
				"method": "GET",
				"header": [],
				"url": {
					"raw": "https://8cmg6jkwv2.execute-api.us-east-1.amazonaws.com/diot/devices",
					"protocol": "https",
					"host": [
						"8cmg6jkwv2",
						"execute-api",
						"us-east-1",
						"amazonaws",
						"com"
					],
					"path": [
						"diot",
						"devices"
					]
				}
			},
			"response": []
		}
	]
}