{
    "resource": "/devices",
    "path": "/devices",
    "httpMethod": "POST",
    "headers": {
        "Accept": "*/*",
        "Accept-Encoding": "gzip, deflate, br",
        "Cache-Control": "no-cache",
        "Content-Type": "application/json",
        "Host": "8cmg6jkwv2.execute-api.us-east-1.amazonaws.com",
        "Postman-Token": "228babf1-19b4-42dc-870e-7eba5e4bd991",
        "User-Agent": "PostmanRuntime/7.39.0",
        "X-Amzn-Trace-Id": "Root=1-6690fa65-1517827277e429402d0508a6",
        "X-Forwarded-For": "196.1.1.6",
        "X-Forwarded-Port": "443",
        "X-Forwarded-Proto": "https"
    },
    "multiValueHeaders": {
        "Accept": ["*/*"],
        "Accept-Encoding": ["gzip, deflate, br"],
        "Cache-Control": ["no-cache"],
        "Content-Type": ["application/json"],
        "Host": ["8cmg6jkwv2.execute-api.us-east-1.amazonaws.com"],
        "Postman-Token": ["228babf1-19b4-42dc-870e-7eba5e4bd991"],
        "User-Agent": ["PostmanRuntime/7.39.0"],
        "X-Amzn-Trace-Id": ["Root=1-6690fa65-1517827277e429402d0508a6"],
        "X-Forwarded-For": ["196.1.1.6"],
        "X-Forwarded-Port": ["443"],
        "X-Forwarded-Proto": ["https"]
    },
    "queryStringParameters": null,
    "multiValueQueryStringParameters": null,
    "pathParameters": null,
    "stageVariables": null,
    "requestContext": {
        "resourceId": "sr4hgj",
        "resourcePath": "/devices",
        "httpMethod": "POST",
        "extendedRequestId": "aywP6FJ5IAMEp7A=",
        "requestTime": "12/Jul/2024:09:41:57 +0000",
        "path": "/diot/devices",
        "accountId": "590183865450",
        "protocol": "HTTP/1.1",
        "stage": "diot",
        "domainPrefix": "8cmg6jkwv2",
        "requestTimeEpoch": 1720777317556,
        "requestId": "d83c2b46-d5bd-462c-b723-ec990420a0b7",
        "identity": {
            "cognitoIdentityPoolId": null,
            "accountId": null,
            "cognitoIdentityId": null,
            "caller": null,
            "sourceIp": "196.1.1.6",
            "principalOrgId": null,
            "accessKey": null,
            "cognitoAuthenticationType": null,
            "cognitoAuthenticationProvider": null,
            "userArn": null,
            "userAgent": "PostmanRuntime/7.39.0",
            "user": null
        },
        "domainName": "8cmg6jkwv2.execute-api.us-east-1.amazonaws.com",
        "deploymentId": "rnty0u",
        "apiId": "8cmg6jkwv2"
    },
    "body": "{\n    \"device_id\" : 1,\n    \"device_type\" : \"RPI\",\n    \"sensor_data\" : {\n            \"temperature\" : 45,\n            \"humidity\" : 85\n    }\n}",
    "isBase64Encoded": false
}
